dbid,relation,diseaseextid
DB00608,MARKER/MECHANISM,D000014
DB00608,MARKER/MECHANISM,D058186
DB00608,MARKER/MECHANISM,D000647
DB00608,MARKER/MECHANISM,D000741
DB00608,MARKER/MECHANISM,D000743
DB00608,MARKER/MECHANISM,D000749
DB00608,MARKER/MECHANISM,D000799
DB00608,MARKER/MECHANISM,D001145
DB00608,MARKER/MECHANISM,D018771
DB00608,THERAPEUTIC,D001168
DB00608,THERAPEUTIC,D001171
DB00608,THERAPEUTIC,D001172
DB00608,MARKER/MECHANISM,D054537
DB00608,MARKER/MECHANISM,D001480
DB00608,MARKER/MECHANISM,D001714
DB00608,MARKER/MECHANISM,D001766
DB00608,MARKER/MECHANISM,D001927
DB00608,THERAPEUTIC,D001943
DB00608,MARKER/MECHANISM,D002037
DB00608,THERAPEUTIC,D002286
DB00608,THERAPEUTIC,D006528
DB00608,MARKER/MECHANISM,D006332
DB00608,MARKER/MECHANISM,D009202
DB00608,MARKER/MECHANISM,D002312
DB00608,MARKER/MECHANISM,D002313
DB00608,MARKER/MECHANISM,D002375
DB00608,MARKER/MECHANISM,D002494
DB00608,MARKER/MECHANISM,D056486
DB00608,MARKER/MECHANISM,D065632
DB00608,MARKER/MECHANISM,D003117
DB00608,MARKER/MECHANISM,D003128
DB00608,THERAPEUTIC,D003240
DB00608,MARKER/MECHANISM,D003316
DB00608,THERAPEUTIC,D018352
DB00608,THERAPEUTIC,D000086382
DB00608,MARKER/MECHANISM,D003693
DB00608,MARKER/MECHANISM,D003711
DB00608,MARKER/MECHANISM,D003866
DB00608,THERAPEUTIC,D003872
DB00608,MARKER/MECHANISM,D003873
DB00608,THERAPEUTIC,D017454
DB00608,MARKER/MECHANISM,D004172
DB00608,MARKER/MECHANISM,D004195
DB00608,THERAPEUTIC,D004195
DB00608,MARKER/MECHANISM,D004244
DB00608,MARKER/MECHANISM,D062787
DB00608,MARKER/MECHANISM,D064420
DB00608,MARKER/MECHANISM,D004417
DB00608,MARKER/MECHANISM,D004421
DB00608,MARKER/MECHANISM,D004427
DB00608,MARKER/MECHANISM,D004830
DB00608,THERAPEUTIC,D004830
DB00608,MARKER/MECHANISM,D005128
DB00608,MARKER/MECHANISM,D005221
DB00608,MARKER/MECHANISM,D005234
DB00608,THERAPEUTIC,D016766
DB00608,MARKER/MECHANISM,D005317
DB00608,MARKER/MECHANISM,D020233
DB00608,MARKER/MECHANISM,D005767
DB00608,THERAPEUTIC,D005909
DB00608,MARKER/MECHANISM,D006212
DB00608,THERAPEUTIC,D006232
DB00608,MARKER/MECHANISM,D006261
DB00608,MARKER/MECHANISM,D006311
DB00608,MARKER/MECHANISM,D034381
DB00608,MARKER/MECHANISM,D006323
DB00608,MARKER/MECHANISM,D006327
DB00608,MARKER/MECHANISM,D006331
DB00608,MARKER/MECHANISM,D006333
DB00608,MARKER/MECHANISM,D006461
DB00608,THERAPEUTIC,D006505
DB00608,THERAPEUTIC,D006934
DB00608,MARKER/MECHANISM,D017495
DB00608,MARKER/MECHANISM,D007003
DB00608,MARKER/MECHANISM,D007008
DB00608,MARKER/MECHANISM,D007022
DB00608,MARKER/MECHANISM,D007024
DB00608,MARKER/MECHANISM,D000860
DB00608,MARKER/MECHANISM,C563476
DB00608,MARKER/MECHANISM,D007249
DB00608,THERAPEUTIC,D005585
DB00608,MARKER/MECHANISM,D007634
DB00608,THERAPEUTIC,D007918
DB00608,MARKER/MECHANISM,D015470
DB00608,MARKER/MECHANISM,D008064
DB00608,THERAPEUTIC,D008101
DB00608,MARKER/MECHANISM,D008133
DB00608,THERAPEUTIC,D008178
DB00608,THERAPEUTIC,D008179
DB00608,THERAPEUTIC,D008180
DB00608,MARKER/MECHANISM,D008269
DB00608,THERAPEUTIC,D008288
DB00608,THERAPEUTIC,D016778
DB00608,THERAPEUTIC,D016780
DB00608,MARKER/MECHANISM,D008708
DB00608,MARKER/MECHANISM,D019964
DB00608,THERAPEUTIC,D017520
DB00608,MARKER/MECHANISM,D018908
DB00608,MARKER/MECHANISM,D009133
DB00608,MARKER/MECHANISM,D009135
DB00608,MARKER/MECHANISM,D009140
DB00608,MARKER/MECHANISM,D009157
DB00608,MARKER/MECHANISM,D009325
DB00608,MARKER/MECHANISM,D009336
DB00608,THERAPEUTIC,D009361
DB00608,THERAPEUTIC,D009374
DB00608,MARKER/MECHANISM,D009400
DB00608,MARKER/MECHANISM,D009422
DB00608,MARKER/MECHANISM,D009436
DB00608,MARKER/MECHANISM,D019954
DB00608,THERAPEUTIC,D019954
DB00608,MARKER/MECHANISM,D009468
DB00608,MARKER/MECHANISM,D020511
DB00608,MARKER/MECHANISM,D020879
DB00608,MARKER/MECHANISM,D010146
DB00608,MARKER/MECHANISM,D010198
DB00608,MARKER/MECHANISM,D010211
DB00608,THERAPEUTIC,D018512
DB00608,THERAPEUTIC,D010273
DB00608,MARKER/MECHANISM,D010291
DB00608,MARKER/MECHANISM,D010523
DB00608,MARKER/MECHANISM,D011041
DB00608,MARKER/MECHANISM,D011115
DB00608,MARKER/MECHANISM,D011141
DB00608,MARKER/MECHANISM,D017118
DB00608,MARKER/MECHANISM,D011297
DB00608,MARKER/MECHANISM,D049188
DB00608,MARKER/MECHANISM,D011507
DB00608,MARKER/MECHANISM,D011537
DB00608,MARKER/MECHANISM,D011605
DB00608,MARKER/MECHANISM,D011618
DB00608,MARKER/MECHANISM,D011693
DB00608,MARKER/MECHANISM,D012021
DB00608,MARKER/MECHANISM,D051437
DB00608,MARKER/MECHANISM,D012164
DB00608,THERAPEUTIC,D012216
DB00608,THERAPEUTIC,D012507
DB00608,MARKER/MECHANISM,D012607
DB00608,MARKER/MECHANISM,D012640
DB00608,THERAPEUTIC,D045169
DB00608,MARKER/MECHANISM,D012770
DB00608,THERAPEUTIC,D012871
DB00608,MARKER/MECHANISM,D012893
DB00608,MARKER/MECHANISM,D013226
DB00608,THERAPEUTIC,D013274
DB00608,MARKER/MECHANISM,D019966
DB00608,MARKER/MECHANISM,D013575
DB00608,MARKER/MECHANISM,D017180
DB00608,MARKER/MECHANISM,D016171
DB00608,MARKER/MECHANISM,D014522
DB00608,THERAPEUTIC,D001749
DB00608,MARKER/MECHANISM,C536522
DB00608,MARKER/MECHANISM,D018366
DB00608,MARKER/MECHANISM,D014693
DB00608,MARKER/MECHANISM,D020257
DB00608,MARKER/MECHANISM,D014786
DB00608,MARKER/MECHANISM,D014839
DB00608,MARKER/MECHANISM,D015431
DB00608,THERAPEUTIC,D000071243
DB01234,MARKER/MECHANISM,D015746
DB01234,THERAPEUTIC,D015746
DB01234,MARKER/MECHANISM,D000014
DB01234,MARKER/MECHANISM,D000152
DB01234,THERAPEUTIC,D000169
DB01234,THERAPEUTIC,C562707
DB01234,THERAPEUTIC,D058186
DB01234,THERAPEUTIC,D055371
DB01234,THERAPEUTIC,D000236
DB01234,MARKER/MECHANISM,D000303
DB01234,MARKER/MECHANISM,D000307
DB01234,THERAPEUTIC,D000312
DB01234,THERAPEUTIC,D000309
DB01234,THERAPEUTIC,D000419
DB01234,THERAPEUTIC,D000532
DB01234,MARKER/MECHANISM,D000568
DB01234,MARKER/MECHANISM,D000647
DB01234,MARKER/MECHANISM,D000648
DB01234,MARKER/MECHANISM,D000740
DB01234,THERAPEUTIC,D000741
DB01234,THERAPEUTIC,D000754
DB01234,THERAPEUTIC,D000756
DB01234,MARKER/MECHANISM,D059445
DB01234,MARKER/MECHANISM,D000855
DB01234,THERAPEUTIC,D000856
DB01234,MARKER/MECHANISM,D001008
DB01234,MARKER/MECHANISM,D001037
DB01234,MARKER/MECHANISM,D001145
DB01234,THERAPEUTIC,D001168
DB01234,THERAPEUTIC,D001169
DB01234,THERAPEUTIC,D001172
DB01234,MARKER/MECHANISM,D001249
DB01234,THERAPEUTIC,D001249
DB01234,THERAPEUTIC,D001259
DB01234,MARKER/MECHANISM,D001284
DB01234,MARKER/MECHANISM,D001342
DB01234,MARKER/MECHANISM,D053713
DB01234,MARKER/MECHANISM,D001714
DB01234,MARKER/MECHANISM,D001724
DB01234,THERAPEUTIC,D001766
DB01234,MARKER/MECHANISM,D001836
DB01234,MARKER/MECHANISM,D001855
DB01234,MARKER/MECHANISM,D001919
DB01234,MARKER/MECHANISM,D001922
DB01234,MARKER/MECHANISM,D001927
DB01234,THERAPEUTIC,D001929
DB01234,MARKER/MECHANISM,D001930
DB01234,THERAPEUTIC,D001930
DB01234,THERAPEUTIC,D001932
DB01234,THERAPEUTIC,D001943
DB01234,THERAPEUTIC,D016535
DB01234,THERAPEUTIC,D001997
DB01234,THERAPEUTIC,D002051
DB01234,THERAPEUTIC,D019559
DB01234,THERAPEUTIC,D006528
DB01234,THERAPEUTIC,D000077216
DB01234,MARKER/MECHANISM,D002305
DB01234,MARKER/MECHANISM,D006332
DB01234,MARKER/MECHANISM,D009202
DB01234,THERAPEUTIC,D009202
DB01234,MARKER/MECHANISM,D002312
DB01234,MARKER/MECHANISM,D018376
DB01234,MARKER/MECHANISM,D002357
DB01234,THERAPEUTIC,D002543
DB01234,THERAPEUTIC,D020202
DB01234,THERAPEUTIC,D002544
DB01234,MARKER/MECHANISM,D002547
DB01234,MARKER/MECHANISM,D056486
DB01234,THERAPEUTIC,D056486
DB01234,MARKER/MECHANISM,D002761
DB01234,MARKER/MECHANISM,D003072
DB01234,THERAPEUTIC,D003110
DB01234,MARKER/MECHANISM,D003221
DB01234,MARKER/MECHANISM,D003231
DB01234,MARKER/MECHANISM,D003248
DB01234,THERAPEUTIC,D003316
DB01234,THERAPEUTIC,D065306
DB01234,THERAPEUTIC,D006259
DB01234,MARKER/MECHANISM,D019465
DB01234,MARKER/MECHANISM,D003480
DB01234,THERAPEUTIC,D003551
DB01234,THERAPEUTIC,D003556
DB01234,MARKER/MECHANISM,D003638
DB01234,MARKER/MECHANISM,D003681
DB01234,MARKER/MECHANISM,D003693
DB01234,THERAPEUTIC,D003711
DB01234,MARKER/MECHANISM,D003866
DB01234,THERAPEUTIC,D003866
DB01234,MARKER/MECHANISM,D017449
DB01234,THERAPEUTIC,D017449
DB01234,MARKER/MECHANISM,D003876
DB01234,MARKER/MECHANISM,D002658
DB01234,MARKER/MECHANISM,D018500
DB01234,MARKER/MECHANISM,D003967
DB01234,THERAPEUTIC,D003967
DB01234,MARKER/MECHANISM,D004195
DB01234,THERAPEUTIC,D004195
DB01234,MARKER/MECHANISM,D004211
DB01234,MARKER/MECHANISM,D004244
DB01234,THERAPEUTIC,D062787
DB01234,MARKER/MECHANISM,D064420
DB01234,THERAPEUTIC,D064420
DB01234,MARKER/MECHANISM,D050171
DB01234,MARKER/MECHANISM,D004415
DB01234,MARKER/MECHANISM,D055154
DB01234,MARKER/MECHANISM,D004421
DB01234,THERAPEUTIC,D004443
DB01234,THERAPEUTIC,D004485
DB01234,MARKER/MECHANISM,D004487
DB01234,THERAPEUTIC,D004487
DB01234,MARKER/MECHANISM,D004646
DB01234,THERAPEUTIC,D004681
DB01234,THERAPEUTIC,D004697
DB01234,THERAPEUTIC,D016889
DB01234,THERAPEUTIC,D019446
DB01234,THERAPEUTIC,D020345
DB01234,THERAPEUTIC,D004802
DB01234,THERAPEUTIC,D004827
DB01234,THERAPEUTIC,D004890
DB01234,MARKER/MECHANISM,D005076
DB01234,THERAPEUTIC,D005119
DB01234,MARKER/MECHANISM,D019115
DB01234,MARKER/MECHANISM,D005221
DB01234,MARKER/MECHANISM,D005234
DB01234,MARKER/MECHANISM,D005271
DB01234,MARKER/MECHANISM,D005317
DB01234,MARKER/MECHANISM,D005334
DB01234,THERAPEUTIC,D005334
DB01234,THERAPEUTIC,D005354
DB01234,THERAPEUTIC,D005355
DB01234,MARKER/MECHANISM,D005767
DB01234,MARKER/MECHANISM,D006471
DB01234,MARKER/MECHANISM,D005831
DB01234,MARKER/MECHANISM,D005901
DB01234,THERAPEUTIC,D005909
DB01234,THERAPEUTIC,D005910
DB01234,MARKER/MECHANISM,D005923
DB01234,MARKER/MECHANISM,D018149
DB01234,MARKER/MECHANISM,D006029
DB01234,MARKER/MECHANISM,D006059
DB01234,THERAPEUTIC,D006099
DB01234,THERAPEUTIC,D006102
DB01234,MARKER/MECHANISM,D006130
DB01234,MARKER/MECHANISM,D006212
DB01234,MARKER/MECHANISM,D006261
DB01234,THERAPEUTIC,D034381
DB01234,MARKER/MECHANISM,D006323
DB01234,MARKER/MECHANISM,D006331
DB01234,MARKER/MECHANISM,D006333
DB01234,THERAPEUTIC,D006333
DB01234,MARKER/MECHANISM,D006402
DB01234,THERAPEUTIC,D006406
DB01234,MARKER/MECHANISM,D006417
DB01234,MARKER/MECHANISM,D006470
DB01234,THERAPEUTIC,D006470
DB01234,MARKER/MECHANISM,D006529
DB01234,THERAPEUTIC,D006548
DB01234,MARKER/MECHANISM,D006606
DB01234,MARKER/MECHANISM,D006869
DB01234,THERAPEUTIC,D006929
DB01234,MARKER/MECHANISM,D006930
DB01234,MARKER/MECHANISM,D006932
DB01234,MARKER/MECHANISM,D053565
DB01234,MARKER/MECHANISM,D006937
DB01234,THERAPEUTIC,D006940
DB01234,MARKER/MECHANISM,D006943
DB01234,THERAPEUTIC,D006943
DB01234,MARKER/MECHANISM,D006946
DB01234,THERAPEUTIC,D006948
DB01234,MARKER/MECHANISM,D017495
DB01234,MARKER/MECHANISM,D006965
DB01234,THERAPEUTIC,D006967
DB01234,THERAPEUTIC,D006968
DB01234,MARKER/MECHANISM,D006973
DB01234,THERAPEUTIC,D006973
DB01234,MARKER/MECHANISM,D020343
DB01234,MARKER/MECHANISM,D015228
DB01234,MARKER/MECHANISM,D006984
DB01234,THERAPEUTIC,D007003
DB01234,THERAPEUTIC,D007008
DB01234,MARKER/MECHANISM,D007018
DB01234,MARKER/MECHANISM,D007022
DB01234,THERAPEUTIC,D007022
DB01234,THERAPEUTIC,D020925
DB01234,MARKER/MECHANISM,D007177
DB01234,THERAPEUTIC,D007235
DB01234,MARKER/MECHANISM,D007239
DB01234,THERAPEUTIC,D007249
DB01234,THERAPEUTIC,D015212
DB01234,MARKER/MECHANISM,D007333
DB01234,THERAPEUTIC,D055959
DB01234,THERAPEUTIC,D019586
DB01234,MARKER/MECHANISM,D007565
DB01234,MARKER/MECHANISM,D007634
DB01234,MARKER/MECHANISM,D007669
DB01234,MARKER/MECHANISM,D007674
DB01234,THERAPEUTIC,D007674
DB01234,THERAPEUTIC,D007829
DB01234,MARKER/MECHANISM,D007859
DB01234,THERAPEUTIC,D015464
DB01234,THERAPEUTIC,D015470
DB01234,THERAPEUTIC,D015477
DB01234,THERAPEUTIC,D015473
DB01234,MARKER/MECHANISM,D007969
DB01234,MARKER/MECHANISM,D007970
DB01234,MARKER/MECHANISM,D008106
DB01234,THERAPEUTIC,D008106
DB01234,MARKER/MECHANISM,D008107
DB01234,THERAPEUTIC,D008113
DB01234,THERAPEUTIC,D008171
DB01234,THERAPEUTIC,D055370
DB01234,THERAPEUTIC,D008175
DB01234,THERAPEUTIC,D008181
DB01234,THERAPEUTIC,D008223
DB01234,THERAPEUTIC,D016483
DB01234,THERAPEUTIC,D016403
DB01234,THERAPEUTIC,D016411
DB01234,MARKER/MECHANISM,D008231
DB01234,THERAPEUTIC,D008471
DB01234,MARKER/MECHANISM,D058627
DB01234,THERAPEUTIC,D017241
DB01234,MARKER/MECHANISM,D008569
DB01234,THERAPEUTIC,D008579
DB01234,MARKER/MECHANISM,D008581
DB01234,MARKER/MECHANISM,D016919
DB01234,THERAPEUTIC,D008586
DB01234,MARKER/MECHANISM,D008599
DB01234,MARKER/MECHANISM,D019964
DB01234,MARKER/MECHANISM,D016472
DB01234,MARKER/MECHANISM,D009101
DB01234,THERAPEUTIC,D009101
DB01234,THERAPEUTIC,D009120
DB01234,MARKER/MECHANISM,D018908
DB01234,MARKER/MECHANISM,D009133
DB01234,MARKER/MECHANISM,D009135
DB01234,MARKER/MECHANISM,D009157
DB01234,THERAPEUTIC,D009190
DB01234,MARKER/MECHANISM,D009203
DB01234,MARKER/MECHANISM,D017202
DB01234,MARKER/MECHANISM,D009207
DB01234,MARKER/MECHANISM,D009216
DB01234,THERAPEUTIC,D009220
DB01234,THERAPEUTIC,D009230
DB01234,THERAPEUTIC,D015508
DB01234,MARKER/MECHANISM,D009325
DB01234,THERAPEUTIC,D009325
DB01234,MARKER/MECHANISM,D009336
DB01234,THERAPEUTIC,D009336
DB01234,THERAPEUTIC,D009374
DB01234,THERAPEUTIC,D009393
DB01234,MARKER/MECHANISM,D009410
DB01234,MARKER/MECHANISM,D009422
DB01234,MARKER/MECHANISM,D009421
DB01234,MARKER/MECHANISM,D009437
DB01234,THERAPEUTIC,D020019
DB01234,MARKER/MECHANISM,D009461
DB01234,THERAPEUTIC,D009461
DB01234,MARKER/MECHANISM,D009503
DB01234,THERAPEUTIC,C563515
DB01234,THERAPEUTIC,D009755
DB01234,THERAPEUTIC,D059226
DB01234,MARKER/MECHANISM,D009759
DB01234,MARKER/MECHANISM,D009771
DB01234,THERAPEUTIC,D007752
DB01234,MARKER/MECHANISM,D009798
DB01234,MARKER/MECHANISM,D009845
DB01234,THERAPEUTIC,D009846
DB01234,MARKER/MECHANISM,D009894
DB01234,MARKER/MECHANISM,D010020
DB01234,MARKER/MECHANISM,D010024
DB01234,MARKER/MECHANISM,D010146
DB01234,THERAPEUTIC,D010146
DB01234,THERAPEUTIC,D010149
DB01234,THERAPEUTIC,D010190
DB01234,MARKER/MECHANISM,D016584
DB01234,THERAPEUTIC,D010211
DB01234,MARKER/MECHANISM,D010259
DB01234,THERAPEUTIC,D010265
DB01234,MARKER/MECHANISM,D010292
DB01234,THERAPEUTIC,D010292
DB01234,MARKER/MECHANISM,D010304
DB01234,THERAPEUTIC,D010392
DB01234,MARKER/MECHANISM,D010490
DB01234,THERAPEUTIC,D010490
DB01234,MARKER/MECHANISM,D010523
DB01234,MARKER/MECHANISM,D016491
DB01234,THERAPEUTIC,D010538
DB01234,MARKER/MECHANISM,D010689
DB01234,THERAPEUTIC,D010899
DB01234,MARKER/MECHANISM,D010900
DB01234,THERAPEUTIC,D010996
DB01234,THERAPEUTIC,D011014
DB01234,MARKER/MECHANISM,D011141
DB01234,MARKER/MECHANISM,D054038
DB01234,THERAPEUTIC,D020250
DB01234,THERAPEUTIC,D015452
DB01234,THERAPEUTIC,D054198
DB01234,THERAPEUTIC,D054218
DB01234,MARKER/MECHANISM,D011297
DB01234,MARKER/MECHANISM,D049188
DB01234,THERAPEUTIC,D049188
DB01234,THERAPEUTIC,D011471
DB01234,MARKER/MECHANISM,D011507
DB01234,THERAPEUTIC,D011507
DB01234,MARKER/MECHANISM,D011537
DB01234,MARKER/MECHANISM,D011559
DB01234,THERAPEUTIC,D011559
DB01234,MARKER/MECHANISM,D011605
DB01234,MARKER/MECHANISM,D011628
DB01234,THERAPEUTIC,D011654
DB01234,MARKER/MECHANISM,D011655
DB01234,THERAPEUTIC,D011657
DB01234,MARKER/MECHANISM,D011658
DB01234,THERAPEUTIC,D011658
DB01234,MARKER/MECHANISM,D011782
DB01234,THERAPEUTIC,D012008
DB01234,MARKER/MECHANISM,D051437
DB01234,THERAPEUTIC,D051437
DB01234,MARKER/MECHANISM,D015427
DB01234,THERAPEUTIC,D015427
DB01234,THERAPEUTIC,D012120
DB01234,THERAPEUTIC,D012128
DB01234,THERAPEUTIC,D012127
DB01234,THERAPEUTIC,D065631
DB01234,MARKER/MECHANISM,D055948
DB01234,MARKER/MECHANISM,D012640
DB01234,THERAPEUTIC,D012640
DB01234,MARKER/MECHANISM,D018805
DB01234,THERAPEUTIC,D018805
DB01234,MARKER/MECHANISM,D012770
DB01234,THERAPEUTIC,D012772
DB01234,THERAPEUTIC,D020069
DB01234,MARKER/MECHANISM,D012871
DB01234,MARKER/MECHANISM,D007319
DB01234,MARKER/MECHANISM,D012893
DB01234,THERAPEUTIC,D012912
DB01234,MARKER/MECHANISM,D013035
DB01234,THERAPEUTIC,D013036
DB01234,THERAPEUTIC,D013118
DB01234,MARKER/MECHANISM,D013158
DB01234,THERAPEUTIC,D013203
DB01234,THERAPEUTIC,D013272
DB01234,MARKER/MECHANISM,D013276
DB01234,THERAPEUTIC,D013276
DB01234,MARKER/MECHANISM,D013280
DB01234,MARKER/MECHANISM,D057896
DB01234,MARKER/MECHANISM,D020521
DB01234,THERAPEUTIC,D020521
DB01234,THERAPEUTIC,D013345
DB01234,MARKER/MECHANISM,D013375
DB01234,THERAPEUTIC,D013375
DB01234,THERAPEUTIC,D018746
DB01234,THERAPEUTIC,D013610
DB01234,MARKER/MECHANISM,D013684
DB01234,MARKER/MECHANISM,D013733
DB01234,THERAPEUTIC,D013736
DB01234,MARKER/MECHANISM,D013921
DB01234,MARKER/MECHANISM,D013923
DB01234,MARKER/MECHANISM,D019851
DB01234,MARKER/MECHANISM,D013927
DB01234,THERAPEUTIC,D013971
DB01234,THERAPEUTIC,D014012
DB01234,THERAPEUTIC,D016781
DB01234,THERAPEUTIC,D014511
DB01234,MARKER/MECHANISM,D014549
DB01234,MARKER/MECHANISM,D016055
DB01234,MARKER/MECHANISM,D014581
DB01234,THERAPEUTIC,D014581
DB01234,THERAPEUTIC,D014605
DB01234,MARKER/MECHANISM,D014652
DB01234,MARKER/MECHANISM,D020293
DB01234,MARKER/MECHANISM,D020301
DB01234,MARKER/MECHANISM,D054556
DB01234,MARKER/MECHANISM,D020246
DB01234,MARKER/MECHANISM,D014694
DB01234,MARKER/MECHANISM,D014717
DB01234,MARKER/MECHANISM,D015837
DB01234,MARKER/MECHANISM,D014839
DB01234,THERAPEUTIC,D014839
DB01234,THERAPEUTIC,D008258
DB01234,MARKER/MECHANISM,D015430
DB01234,THERAPEUTIC,D015430
DB01234,MARKER/MECHANISM,D015431
DB01234,THERAPEUTIC,D015431
DB01234,THERAPEUTIC,D014947
DB16447,THERAPEUTIC,D000419
DB16447,THERAPEUTIC,D001169
DB16447,THERAPEUTIC,D001172
DB16447,THERAPEUTIC,D002286
DB16447,THERAPEUTIC,D006528
DB16447,THERAPEUTIC,D002294
DB16447,THERAPEUTIC,D002295
DB16447,THERAPEUTIC,D056486
DB16447,THERAPEUTIC,D003072
DB16447,THERAPEUTIC,D003921
DB16447,THERAPEUTIC,D003928
DB16447,THERAPEUTIC,D004195
DB16447,THERAPEUTIC,D064420
DB16447,THERAPEUTIC,D005198
DB16447,THERAPEUTIC,D005234
DB16447,THERAPEUTIC,D005235
DB16447,THERAPEUTIC,D006417
DB16447,THERAPEUTIC,D006470
DB16447,THERAPEUTIC,D006529
DB16447,THERAPEUTIC,D006943
DB16447,THERAPEUTIC,D006973
DB16447,THERAPEUTIC,D007249
DB16447,THERAPEUTIC,D007674
DB16447,THERAPEUTIC,D007794
DB16447,THERAPEUTIC,D008103
DB16447,THERAPEUTIC,D008114
DB16447,THERAPEUTIC,D008206
DB16447,THERAPEUTIC,D018908
DB16447,THERAPEUTIC,D009361
DB16447,THERAPEUTIC,D009362
DB16447,THERAPEUTIC,D009374
DB16447,THERAPEUTIC,D010302
DB16447,THERAPEUTIC,D011507
DB16447,THERAPEUTIC,D011658
DB16447,THERAPEUTIC,D015430
DB16447,THERAPEUTIC,D015431
DB11817,THERAPEUTIC,D001172
DB11817,THERAPEUTIC,D000086382
DB00959,MARKER/MECHANISM,D015746
DB00959,THERAPEUTIC,D020434
DB00959,MARKER/MECHANISM,D000140
DB00959,THERAPEUTIC,C538173
DB00959,MARKER/MECHANISM,D058186
DB00959,THERAPEUTIC,D058186
DB00959,MARKER/MECHANISM,D000309
DB00959,THERAPEUTIC,D000506
DB00959,MARKER/MECHANISM,D000648
DB00959,THERAPEUTIC,D000741
DB00959,THERAPEUTIC,D000743
DB00959,THERAPEUTIC,D000755
DB00959,THERAPEUTIC,D000783
DB00959,MARKER/MECHANISM,D000789
DB00959,THERAPEUTIC,D000799
DB00959,MARKER/MECHANISM,D000855
DB00959,MARKER/MECHANISM,D019867
DB00959,THERAPEUTIC,D056648
DB00959,MARKER/MECHANISM,D001145
DB00959,MARKER/MECHANISM,D018771
DB00959,THERAPEUTIC,D018771
DB00959,THERAPEUTIC,D001172
DB00959,THERAPEUTIC,D001201
DB00959,THERAPEUTIC,D001249
DB00959,MARKER/MECHANISM,D001281
DB00959,MARKER/MECHANISM,D001282
DB00959,MARKER/MECHANISM,D053099
DB00959,THERAPEUTIC,D001424
DB00959,THERAPEUTIC,D001649
DB00959,MARKER/MECHANISM,D001714
DB00959,MARKER/MECHANISM,D001766
DB00959,MARKER/MECHANISM,D019575
DB00959,MARKER/MECHANISM,D001919
DB00959,MARKER/MECHANISM,D001927
DB00959,MARKER/MECHANISM,D001928
DB00959,MARKER/MECHANISM,D020520
DB00959,THERAPEUTIC,D001930
DB00959,THERAPEUTIC,D001997
DB00959,THERAPEUTIC,D018196
DB00959,THERAPEUTIC,D006332
DB00959,THERAPEUTIC,D009202
DB00959,MARKER/MECHANISM,D002312
DB00959,MARKER/MECHANISM,D002386
DB00959,THERAPEUTIC,D002481
DB00959,THERAPEUTIC,D002528
DB00959,THERAPEUTIC,D002543
DB00959,MARKER/MECHANISM,D002561
DB00959,MARKER/MECHANISM,D056486
DB00959,THERAPEUTIC,D056486
DB00959,THERAPEUTIC,D002779
DB00959,THERAPEUTIC,D015267
DB00959,MARKER/MECHANISM,D017091
DB00959,THERAPEUTIC,D003093
DB00959,MARKER/MECHANISM,D003221
DB00959,MARKER/MECHANISM,D003244
DB00959,MARKER/MECHANISM,D003248
DB00959,THERAPEUTIC,D003424
DB00959,MARKER/MECHANISM,D003556
DB00959,THERAPEUTIC,D003882
DB00959,MARKER/MECHANISM,D003920
DB00959,THERAPEUTIC,D004195
DB00959,MARKER/MECHANISM,D004342
DB00959,THERAPEUTIC,D004342
DB00959,MARKER/MECHANISM,D064420
DB00959,THERAPEUTIC,D064420
DB00959,MARKER/MECHANISM,D055154
DB00959,THERAPEUTIC,D004417
DB00959,THERAPEUTIC,D004487
DB00959,THERAPEUTIC,D004673
DB00959,THERAPEUTIC,D004681
DB00959,MARKER/MECHANISM,D004830
DB00959,THERAPEUTIC,D004890
DB00959,THERAPEUTIC,D004892
DB00959,THERAPEUTIC,D036981
DB00959,MARKER/MECHANISM,D005234
DB00959,MARKER/MECHANISM,D005271
DB00959,THERAPEUTIC,D005334
DB00959,MARKER/MECHANISM,D005357
DB00959,THERAPEUTIC,D013700
DB00959,THERAPEUTIC,D005921
DB00959,THERAPEUTIC,D015432
DB00959,THERAPEUTIC,D015433
DB00959,THERAPEUTIC,D005923
DB00959,THERAPEUTIC,D006086
DB00959,THERAPEUTIC,D014890
DB00959,THERAPEUTIC,D049970
DB00959,MARKER/MECHANISM,D006212
DB00959,MARKER/MECHANISM,D006261
DB00959,THERAPEUTIC,D006312
DB00959,THERAPEUTIC,D006319
DB00959,THERAPEUTIC,D003639
DB00959,MARKER/MECHANISM,D006323
DB00959,MARKER/MECHANISM,D006331
DB00959,THERAPEUTIC,D006402
DB00959,THERAPEUTIC,D006406
DB00959,THERAPEUTIC,D046748
DB00959,MARKER/MECHANISM,D006417
DB00959,THERAPEUTIC,D006417
DB00959,MARKER/MECHANISM,D006429
DB00959,MARKER/MECHANISM,D006470
DB00959,THERAPEUTIC,D006505
DB00959,MARKER/MECHANISM,D019693
DB00959,MARKER/MECHANISM,D006606
DB00959,MARKER/MECHANISM,D039682
DB00959,THERAPEUTIC,D006689
DB00959,MARKER/MECHANISM,D006934
DB00959,THERAPEUTIC,D006937
DB00959,MARKER/MECHANISM,D006943
DB00959,MARKER/MECHANISM,D006947
DB00959,MARKER/MECHANISM,D054559
DB00959,MARKER/MECHANISM,D006965
DB00959,MARKER/MECHANISM,D006966
DB00959,THERAPEUTIC,D006967
DB00959,MARKER/MECHANISM,D006973
DB00959,MARKER/MECHANISM,D033461
DB00959,THERAPEUTIC,D034141
DB00959,MARKER/MECHANISM,D006996
DB00959,MARKER/MECHANISM,D007008
DB00959,MARKER/MECHANISM,D007022
DB00959,THERAPEUTIC,D011695
DB00959,MARKER/MECHANISM,D007239
DB00959,MARKER/MECHANISM,D020767
DB00959,THERAPEUTIC,D041781
DB00959,MARKER/MECHANISM,D007674
DB00959,THERAPEUTIC,D007683
DB00959,MARKER/MECHANISM,D015451
DB00959,MARKER/MECHANISM,D008068
DB00959,MARKER/MECHANISM,D017093
DB00959,MARKER/MECHANISM,D017114
DB00959,THERAPEUTIC,D017116
DB00959,THERAPEUTIC,D017563
DB00959,THERAPEUTIC,D055370
DB00959,MARKER/MECHANISM,D008180
DB00959,THERAPEUTIC,D008180
DB00959,THERAPEUTIC,D008181
DB00959,THERAPEUTIC,D008223
DB00959,THERAPEUTIC,D016403
DB00959,THERAPEUTIC,D008228
DB00959,MARKER/MECHANISM,D008569
DB00959,MARKER/MECHANISM,D008582
DB00959,THERAPEUTIC,D008582
DB00959,THERAPEUTIC,D008590
DB00959,THERAPEUTIC,D020422
DB00959,THERAPEUTIC,D009080
DB00959,THERAPEUTIC,D009101
DB00959,MARKER/MECHANISM,D009103
DB00959,THERAPEUTIC,D009103
DB00959,THERAPEUTIC,D020529
DB00959,MARKER/MECHANISM,D018908
DB00959,THERAPEUTIC,D018908
DB00959,MARKER/MECHANISM,D009133
DB00959,MARKER/MECHANISM,D009135
DB00959,THERAPEUTIC,D020388
DB00959,MARKER/MECHANISM,D009157
DB00959,MARKER/MECHANISM,D009203
DB00959,THERAPEUTIC,D009205
DB00959,THERAPEUTIC,D009325
DB00959,THERAPEUTIC,D009364
DB00959,THERAPEUTIC,D009369
DB00959,THERAPEUTIC,D009393
DB00959,THERAPEUTIC,D009395
DB00959,THERAPEUTIC,D009402
DB00959,THERAPEUTIC,D009404
DB00959,MARKER/MECHANISM,D009422
DB00959,MARKER/MECHANISM,D009437
DB00959,THERAPEUTIC,D051474
DB00959,THERAPEUTIC,D017599
DB00959,MARKER/MECHANISM,D009468
DB00959,THERAPEUTIC,D009471
DB00959,THERAPEUTIC,D020258
DB00959,MARKER/MECHANISM,D009503
DB00959,MARKER/MECHANISM,D009886
DB00959,THERAPEUTIC,D009902
DB00959,THERAPEUTIC,D016727
DB00959,MARKER/MECHANISM,D010024
DB00959,MARKER/MECHANISM,D010146
DB00959,THERAPEUTIC,D010146
DB00959,MARKER/MECHANISM,D010148
DB00959,THERAPEUTIC,D010148
DB00959,THERAPEUTIC,D010149
DB00959,THERAPEUTIC,D010198
DB00959,THERAPEUTIC,D015864
DB00959,MARKER/MECHANISM,D010243
DB00959,MARKER/MECHANISM,D010264
DB00959,MARKER/MECHANISM,D010292
DB00959,THERAPEUTIC,D010292
DB00959,THERAPEUTIC,D010391
DB00959,MARKER/MECHANISM,D010523
DB00959,THERAPEUTIC,D010689
DB00959,THERAPEUTIC,D010996
DB00959,MARKER/MECHANISM,D011014
DB00959,THERAPEUTIC,D011020
DB00959,THERAPEUTIC,D010488
DB00959,THERAPEUTIC,D017285
DB00959,MARKER/MECHANISM,D011115
DB00959,THERAPEUTIC,D011115
DB00959,MARKER/MECHANISM,D020277
DB00959,MARKER/MECHANISM,D054038
DB00959,THERAPEUTIC,D011183
DB00959,MARKER/MECHANISM,D020250
DB00959,THERAPEUTIC,D054198
DB00959,THERAPEUTIC,D011507
DB00959,MARKER/MECHANISM,D011537
DB00959,THERAPEUTIC,D011537
DB00959,MARKER/MECHANISM,D011595
DB00959,MARKER/MECHANISM,D011605
DB00959,MARKER/MECHANISM,D055732
DB00959,THERAPEUTIC,D011654
DB00959,THERAPEUTIC,D011658
DB00959,THERAPEUTIC,D016553
DB00959,MARKER/MECHANISM,D011782
DB00959,THERAPEUTIC,D011843
DB00959,THERAPEUTIC,C538458
DB00959,MARKER/MECHANISM,D051437
DB00959,THERAPEUTIC,D051437
DB00959,THERAPEUTIC,D012131
DB00959,THERAPEUTIC,D012135
DB00959,MARKER/MECHANISM,D012164
DB00959,MARKER/MECHANISM,D012206
DB00959,THERAPEUTIC,D012216
DB00959,THERAPEUTIC,D065631
DB00959,THERAPEUTIC,D012393
DB00959,THERAPEUTIC,D012507
DB00959,THERAPEUTIC,D012585
DB00959,THERAPEUTIC,D012595
DB00959,MARKER/MECHANISM,D012640
DB00959,THERAPEUTIC,D012640
DB00959,MARKER/MECHANISM,D018805
DB00959,THERAPEUTIC,D045169
DB00959,MARKER/MECHANISM,D012769
DB00959,MARKER/MECHANISM,D012893
DB00959,MARKER/MECHANISM,D013117
DB00959,MARKER/MECHANISM,D013118
DB00959,THERAPEUTIC,D013119
DB00959,MARKER/MECHANISM,D013122
DB00959,MARKER/MECHANISM,D013203
DB00959,THERAPEUTIC,D013224
DB00959,MARKER/MECHANISM,D013375
DB00959,THERAPEUTIC,D013610
DB00959,MARKER/MECHANISM,D013617
DB00959,MARKER/MECHANISM,D013921
DB00959,THERAPEUTIC,D013971
DB00959,MARKER/MECHANISM,D014202
DB00959,MARKER/MECHANISM,D015275
DB00959,MARKER/MECHANISM,D014549
DB00959,THERAPEUTIC,D014581
DB00959,THERAPEUTIC,D014607
DB00959,THERAPEUTIC,D014657
DB00959,THERAPEUTIC,D018366
DB00959,MARKER/MECHANISM,D020246
DB00959,MARKER/MECHANISM,D014693
DB00959,MARKER/MECHANISM,D014786
DB00959,THERAPEUTIC,D014839
DB00959,MARKER/MECHANISM,D015430
DB00959,MARKER/MECHANISM,D015431
DB00959,THERAPEUTIC,D015431
DB01601,MARKER/MECHANISM,D001714
DB01601,MARKER/MECHANISM,D056486
DB01601,THERAPEUTIC,D018352
DB01601,THERAPEUTIC,D000086382
DB01601,MARKER/MECHANISM,D018500
DB01601,MARKER/MECHANISM,C536855
DB01601,MARKER/MECHANISM,D005198
DB01601,MARKER/MECHANISM,D039682
DB01601,THERAPEUTIC,D015658
DB01601,MARKER/MECHANISM,D024821
DB01601,THERAPEUTIC,D009164
DB01601,MARKER/MECHANISM,D009503
DB01601,THERAPEUTIC,D020734
DB01601,MARKER/MECHANISM,D051437
DB01601,MARKER/MECHANISM,D013226
DB11676,THERAPEUTIC,D001117
DB11676,THERAPEUTIC,D002044
DB11676,THERAPEUTIC,D003333
DB11676,THERAPEUTIC,D000086382
DB11676,THERAPEUTIC,D018702
DB11676,THERAPEUTIC,D018178
DB11676,THERAPEUTIC,D019142
DB11676,THERAPEUTIC,D009976
DB11676,THERAPEUTIC,D018184
DB11676,THERAPEUTIC,D010850
DB11676,THERAPEUTIC,D012295
DB16495,THERAPEUTIC,D002544
DB16495,MARKER/MECHANISM,D000855
DB16495,THERAPEUTIC,D006949
DB16495,THERAPEUTIC,D009765
DB16495,THERAPEUTIC,D009202
DB13609,THERAPEUTIC,D000086382
DB01050,THERAPEUTIC,D015746
DB01050,MARKER/MECHANISM,D000014
DB01050,MARKER/MECHANISM,D000141
DB01050,THERAPEUTIC,D020083
DB01050,MARKER/MECHANISM,D054058
DB01050,MARKER/MECHANISM,D058186
DB01050,THERAPEUTIC,D000230
DB01050,MARKER/MECHANISM,D000380
DB01050,THERAPEUTIC,D000544
DB01050,MARKER/MECHANISM,D000707
DB01050,MARKER/MECHANISM,D000741
DB01050,MARKER/MECHANISM,D000743
DB01050,MARKER/MECHANISM,D000744
DB01050,MARKER/MECHANISM,D000799
DB01050,MARKER/MECHANISM,D001145
DB01050,MARKER/MECHANISM,D018771
DB01050,THERAPEUTIC,D018771
DB01050,THERAPEUTIC,D001168
DB01050,THERAPEUTIC,D001169
DB01050,MARKER/MECHANISM,D001249
DB01050,MARKER/MECHANISM,D001281
DB01050,MARKER/MECHANISM,D053099
DB01050,THERAPEUTIC,D001416
DB01050,MARKER/MECHANISM,D001649
DB01050,MARKER/MECHANISM,D001768
DB01050,THERAPEUTIC,D001768
DB01050,THERAPEUTIC,D001862
DB01050,MARKER/MECHANISM,D001927
DB01050,THERAPEUTIC,D002545
DB01050,THERAPEUTIC,D002100
DB01050,THERAPEUTIC,D002375
DB01050,MARKER/MECHANISM,D002543
DB01050,MARKER/MECHANISM,D056486
DB01050,THERAPEUTIC,D056486
DB01050,MARKER/MECHANISM,D002761
DB01050,MARKER/MECHANISM,D002779
DB01050,MARKER/MECHANISM,D002780
DB01050,MARKER/MECHANISM,D017091
DB01050,THERAPEUTIC,D015179
DB01050,MARKER/MECHANISM,D003117
DB01050,MARKER/MECHANISM,D003128
DB01050,MARKER/MECHANISM,D003229
DB01050,MARKER/MECHANISM,D003231
DB01050,MARKER/MECHANISM,D003251
DB01050,THERAPEUTIC,D003550
DB01050,MARKER/MECHANISM,D003693
DB01050,THERAPEUTIC,D017453
DB01050,MARKER/MECHANISM,D004172
DB01050,THERAPEUTIC,D004195
DB01050,MARKER/MECHANISM,D004211
DB01050,MARKER/MECHANISM,D003875
DB01050,THERAPEUTIC,D064420
DB01050,THERAPEUTIC,D004374
DB01050,MARKER/MECHANISM,D004487
DB01050,THERAPEUTIC,D004487
DB01050,MARKER/MECHANISM,D004696
DB01050,THERAPEUTIC,D004715
DB01050,THERAPEUTIC,D019446
DB01050,MARKER/MECHANISM,D004802
DB01050,THERAPEUTIC,D005094
DB01050,MARKER/MECHANISM,D005234
DB01050,MARKER/MECHANISM,D005317
DB01050,MARKER/MECHANISM,D005311
DB01050,MARKER/MECHANISM,D005334
DB01050,THERAPEUTIC,D005334
DB01050,MARKER/MECHANISM,D005756
DB01050,MARKER/MECHANISM,D005767
DB01050,MARKER/MECHANISM,D006471
DB01050,THERAPEUTIC,D005891
DB01050,MARKER/MECHANISM,D015433
DB01050,MARKER/MECHANISM,D005923
DB01050,MARKER/MECHANISM,D006261
DB01050,THERAPEUTIC,D006261
DB01050,MARKER/MECHANISM,D006319
DB01050,THERAPEUTIC,D006331
DB01050,MARKER/MECHANISM,D006345
DB01050,MARKER/MECHANISM,D006463
DB01050,MARKER/MECHANISM,D006470
DB01050,MARKER/MECHANISM,D006505
DB01050,THERAPEUTIC,D006930
DB01050,MARKER/MECHANISM,D006947
DB01050,MARKER/MECHANISM,D006969
DB01050,MARKER/MECHANISM,D006973
DB01050,MARKER/MECHANISM,D006976
DB01050,THERAPEUTIC,D006984
DB01050,MARKER/MECHANISM,D007008
DB01050,MARKER/MECHANISM,D007010
DB01050,MARKER/MECHANISM,D007022
DB01050,THERAPEUTIC,D007022
DB01050,THERAPEUTIC,D007235
DB01050,THERAPEUTIC,D007249
DB01050,MARKER/MECHANISM,D041781
DB01050,MARKER/MECHANISM,D007673
DB01050,MARKER/MECHANISM,D007674
DB01050,MARKER/MECHANISM,D007676
DB01050,MARKER/MECHANISM,D007681
DB01050,MARKER/MECHANISM,D007683
DB01050,THERAPEUTIC,D008106
DB01050,MARKER/MECHANISM,D017093
DB01050,MARKER/MECHANISM,D017114
DB01050,THERAPEUTIC,D017116
DB01050,THERAPEUTIC,D008180
DB01050,MARKER/MECHANISM,D008206
DB01050,THERAPEUTIC,D008325
DB01050,MARKER/MECHANISM,D008439
DB01050,THERAPEUTIC,D008569
DB01050,MARKER/MECHANISM,D008580
DB01050,MARKER/MECHANISM,D008581
DB01050,MARKER/MECHANISM,D008582
DB01050,MARKER/MECHANISM,D008590
DB01050,THERAPEUTIC,D008881
DB01050,THERAPEUTIC,D009069
DB01050,MARKER/MECHANISM,D009135
DB01050,MARKER/MECHANISM,D009139
DB01050,THERAPEUTIC,D015878
DB01050,MARKER/MECHANISM,D009203
DB01050,MARKER/MECHANISM,D009325
DB01050,MARKER/MECHANISM,D009336
DB01050,THERAPEUTIC,D009336
DB01050,THERAPEUTIC,D009374
DB01050,MARKER/MECHANISM,D009395
DB01050,MARKER/MECHANISM,D009400
DB01050,MARKER/MECHANISM,D009402
DB01050,MARKER/MECHANISM,D009404
DB01050,THERAPEUTIC,D009410
DB01050,MARKER/MECHANISM,D019965
DB01050,MARKER/MECHANISM,D009846
DB01050,THERAPEUTIC,D010003
DB01050,THERAPEUTIC,D015207
DB01050,MARKER/MECHANISM,D010019
DB01050,MARKER/MECHANISM,D010146
DB01050,THERAPEUTIC,D010146
DB01050,THERAPEUTIC,D010149
DB01050,THERAPEUTIC,D010190
DB01050,MARKER/MECHANISM,D010437
DB01050,MARKER/MECHANISM,D010490
DB01050,MARKER/MECHANISM,D010996
DB01050,THERAPEUTIC,D011471
DB01050,MARKER/MECHANISM,D011507
DB01050,MARKER/MECHANISM,D011605
DB01050,MARKER/MECHANISM,D011782
DB01050,MARKER/MECHANISM,D051437
DB01050,MARKER/MECHANISM,D012120
DB01050,MARKER/MECHANISM,D012594
DB01050,THERAPEUTIC,D012640
DB01050,THERAPEUTIC,D012772
DB01050,THERAPEUTIC,D013167
DB01050,MARKER/MECHANISM,D013262
DB01050,MARKER/MECHANISM,D013276
DB01050,MARKER/MECHANISM,D020521
DB01050,MARKER/MECHANISM,D013610
DB01050,MARKER/MECHANISM,D013921
DB01050,THERAPEUTIC,D013927
DB01050,MARKER/MECHANISM,D014012
DB01050,MARKER/MECHANISM,D014456
DB01050,MARKER/MECHANISM,D016055
DB01050,MARKER/MECHANISM,D014555
DB01050,MARKER/MECHANISM,D014581
DB01050,MARKER/MECHANISM,D018366
DB01050,THERAPEUTIC,D020301
DB01050,MARKER/MECHANISM,D015837
DB01050,MARKER/MECHANISM,D020338
DB01050,MARKER/MECHANISM,D014786
DB01264,MARKER/MECHANISM,D009422
DB01264,MARKER/MECHANISM,D013262
DB12466,THERAPEUTIC,D000086382
DB12466,MARKER/MECHANISM,D064420
DB12466,THERAPEUTIC,D019142
DB12466,THERAPEUTIC,D006482
DB12466,THERAPEUTIC,D045464
DB12466,THERAPEUTIC,D017282
DB01394,MARKER/MECHANISM,D015746
DB01394,MARKER/MECHANISM,D000014
DB01394,MARKER/MECHANISM,D058186
DB01394,MARKER/MECHANISM,D000505
DB01394,MARKER/MECHANISM,D000544
DB01394,MARKER/MECHANISM,D000647
DB01394,MARKER/MECHANISM,D000686
DB01394,THERAPEUTIC,D000686
DB01394,MARKER/MECHANISM,D000740
DB01394,MARKER/MECHANISM,D000749
DB01394,MARKER/MECHANISM,D000782
DB01394,MARKER/MECHANISM,D000783
DB01394,MARKER/MECHANISM,D001002
DB01394,MARKER/MECHANISM,D001039
DB01394,MARKER/MECHANISM,D001145
DB01394,THERAPEUTIC,D015210
DB01394,THERAPEUTIC,D015535
DB01394,MARKER/MECHANISM,D001259
DB01394,THERAPEUTIC,D001528
DB01394,THERAPEUTIC,D001768
DB01394,MARKER/MECHANISM,D001855
DB01394,MARKER/MECHANISM,D001927
DB01394,MARKER/MECHANISM,D001930
DB01394,MARKER/MECHANISM,D006528
DB01394,MARKER/MECHANISM,D056486
DB01394,MARKER/MECHANISM,D002779
DB01394,MARKER/MECHANISM,D003072
DB01394,THERAPEUTIC,D003218
DB01394,MARKER/MECHANISM,D003967
DB01394,MARKER/MECHANISM,D004211
DB01394,MARKER/MECHANISM,D004244
DB01394,MARKER/MECHANISM,D004314
DB01394,MARKER/MECHANISM,D062787
DB01394,MARKER/MECHANISM,D064806
DB01394,MARKER/MECHANISM,D004417
DB01394,MARKER/MECHANISM,D004618
DB01394,MARKER/MECHANISM,D004760
DB01394,THERAPEUTIC,D010505
DB01394,MARKER/MECHANISM,D005221
DB01394,MARKER/MECHANISM,D005705
DB01394,MARKER/MECHANISM,D005759
DB01394,MARKER/MECHANISM,D005767
DB01394,THERAPEUTIC,D005902
DB01394,THERAPEUTIC,D006073
DB01394,MARKER/MECHANISM,D020275
DB01394,MARKER/MECHANISM,D006261
DB01394,MARKER/MECHANISM,D006470
DB01394,THERAPEUTIC,D019694
DB01394,MARKER/MECHANISM,D006948
DB01394,MARKER/MECHANISM,D006955
DB01394,MARKER/MECHANISM,D006973
DB01394,THERAPEUTIC,D033461
DB01394,MARKER/MECHANISM,D007010
DB01394,MARKER/MECHANISM,D007039
DB01394,MARKER/MECHANISM,D007249
DB01394,THERAPEUTIC,D007249
DB01394,MARKER/MECHANISM,D007410
DB01394,MARKER/MECHANISM,D007565
DB01394,MARKER/MECHANISM,D007674
DB01394,MARKER/MECHANISM,D007859
DB01394,MARKER/MECHANISM,D053609
DB01394,MARKER/MECHANISM,D015479
DB01394,MARKER/MECHANISM,D007970
DB01394,MARKER/MECHANISM,D008064
DB01394,THERAPEUTIC,D008103
DB01394,MARKER/MECHANISM,D008107
DB01394,THERAPEUTIC,D008108
DB01394,MARKER/MECHANISM,D017114
DB01394,MARKER/MECHANISM,D016464
DB01394,MARKER/MECHANISM,D008569
DB01394,MARKER/MECHANISM,D048629
DB01394,MARKER/MECHANISM,D009069
DB01394,MARKER/MECHANISM,D009101
DB01394,MARKER/MECHANISM,D009102
DB01394,MARKER/MECHANISM,D018908
DB01394,MARKER/MECHANISM,D009133
DB01394,MARKER/MECHANISM,D009135
DB01394,MARKER/MECHANISM,D009212
DB01394,MARKER/MECHANISM,D009222
DB01394,MARKER/MECHANISM,D020967
DB01394,MARKER/MECHANISM,D009325
DB01394,MARKER/MECHANISM,D009336
DB01394,THERAPEUTIC,D009369
DB01394,MARKER/MECHANISM,D009422
DB01394,MARKER/MECHANISM,D009436
DB01394,MARKER/MECHANISM,D009468
DB01394,MARKER/MECHANISM,D009846
DB01394,MARKER/MECHANISM,D009896
DB01394,MARKER/MECHANISM,D009901
DB01394,THERAPEUTIC,D010146
DB01394,MARKER/MECHANISM,D010195
DB01394,MARKER/MECHANISM,D010198
DB01394,MARKER/MECHANISM,D010243
DB01394,MARKER/MECHANISM,D010523
DB01394,MARKER/MECHANISM,D011115
DB01394,MARKER/MECHANISM,D011141
DB01394,MARKER/MECHANISM,D017119
DB01394,THERAPEUTIC,D011565
DB01394,MARKER/MECHANISM,D011782
DB01394,MARKER/MECHANISM,D012021
DB01394,MARKER/MECHANISM,D051437
DB01394,MARKER/MECHANISM,D012131
DB01394,MARKER/MECHANISM,D012206
DB01394,MARKER/MECHANISM,D012640
DB01394,MARKER/MECHANISM,D018805
DB01394,MARKER/MECHANISM,D012790
DB01394,THERAPEUTIC,D012871
DB01394,MARKER/MECHANISM,D013272
DB01394,THERAPEUTIC,D013281
DB01394,MARKER/MECHANISM,D020955
DB01394,THERAPEUTIC,D016463
DB01394,MARKER/MECHANISM,D013616
DB01394,MARKER/MECHANISM,D013921
DB01394,MARKER/MECHANISM,C536522
DB01394,MARKER/MECHANISM,D014786
DB01394,MARKER/MECHANISM,D014806
DB01394,MARKER/MECHANISM,D014839
DB01394,MARKER/MECHANISM,D015431
DB00503,MARKER/MECHANISM,D015746
DB00503,MARKER/MECHANISM,D000138
DB00503,MARKER/MECHANISM,D000140
DB00503,THERAPEUTIC,D000163
DB00503,MARKER/MECHANISM,D058186
DB00503,THERAPEUTIC,D017088
DB00503,MARKER/MECHANISM,D001161
DB00503,MARKER/MECHANISM,D001201
DB00503,MARKER/MECHANISM,D001259
DB00503,MARKER/MECHANISM,D001480
DB00503,MARKER/MECHANISM,D001714
DB00503,MARKER/MECHANISM,D001851
DB00503,MARKER/MECHANISM,D056486
DB00503,MARKER/MECHANISM,D002779
DB00503,MARKER/MECHANISM,D003128
DB00503,MARKER/MECHANISM,D003221
DB00503,MARKER/MECHANISM,D003324
DB00503,THERAPEUTIC,D000086382
DB00503,MARKER/MECHANISM,D018500
DB00503,MARKER/MECHANISM,D004172
DB00503,MARKER/MECHANISM,D004195
DB00503,MARKER/MECHANISM,D006970
DB00503,MARKER/MECHANISM,D064420
DB00503,MARKER/MECHANISM,D050171
DB00503,MARKER/MECHANISM,D005198
DB00503,MARKER/MECHANISM,D005767
DB00503,MARKER/MECHANISM,D006501
DB00503,MARKER/MECHANISM,D006505
DB00503,THERAPEUTIC,D006509
DB00503,MARKER/MECHANISM,D006529
DB00503,MARKER/MECHANISM,D039682
DB00503,THERAPEUTIC,D015658
DB00503,MARKER/MECHANISM,D006932
DB00503,MARKER/MECHANISM,D006937
DB00503,MARKER/MECHANISM,D006943
DB00503,MARKER/MECHANISM,D006949
DB00503,MARKER/MECHANISM,D006961
DB00503,MARKER/MECHANISM,D006976
DB00503,MARKER/MECHANISM,D015228
DB00503,MARKER/MECHANISM,D020300
DB00503,THERAPEUTIC,D015459
DB00503,MARKER/MECHANISM,D008060
DB00503,MARKER/MECHANISM,D008103
DB00503,MARKER/MECHANISM,D008107
DB00503,MARKER/MECHANISM,D017093
DB00503,MARKER/MECHANISM,D017114
DB00503,MARKER/MECHANISM,D024821
DB00503,MARKER/MECHANISM,D009157
DB00503,THERAPEUTIC,D009164
DB00503,MARKER/MECHANISM,D009325
DB00503,THERAPEUTIC,D009374
DB00503,MARKER/MECHANISM,D053040
DB00503,MARKER/MECHANISM,D009422
DB00503,MARKER/MECHANISM,D009503
DB00503,MARKER/MECHANISM,D009293
DB00503,MARKER/MECHANISM,D010192
DB00503,MARKER/MECHANISM,D010195
DB00503,MARKER/MECHANISM,D010302
DB00503,THERAPEUTIC,D020734
DB00503,MARKER/MECHANISM,D010842
DB00503,MARKER/MECHANISM,D011655
DB00503,MARKER/MECHANISM,D051437
DB00503,MARKER/MECHANISM,D012206
DB00503,MARKER/MECHANISM,D012735
DB00503,MARKER/MECHANISM,D013226
DB00503,MARKER/MECHANISM,D013262
DB00503,MARKER/MECHANISM,D013375
DB00503,MARKER/MECHANISM,D020246
DB00503,MARKER/MECHANISM,D014717
DB00503,MARKER/MECHANISM,D014839
DB08954,THERAPEUTIC,D001145
DB08954,MARKER/MECHANISM,D001919
DB08954,THERAPEUTIC,D002545
DB08954,THERAPEUTIC,D002375
DB08954,THERAPEUTIC,D034381
DB08954,MARKER/MECHANISM,D008064
DB08954,MARKER/MECHANISM,D016464
DB08954,THERAPEUTIC,D010146
DB08954,THERAPEUTIC,D012640
DB08954,MARKER/MECHANISM,D013610
DB16495,THERAPEUTIC,D000086382
DB01050,THERAPEUTIC,D000086382
DB15687,THERAPEUTIC,D000086382
DB16479,THERAPEUTIC,D000086382
DB15656,THERAPEUTIC,D000086382
DB15692,THERAPEUTIC,D000086382
DB01234,THERAPEUTIC,D000086382
DB15698,THERAPEUTIC,D000086382
DB16737,THERAPEUTIC,D000086382
DB16514,THERAPEUTIC,D000086382
DB01264,THERAPEUTIC,D000086382
DB15691,THERAPEUTIC,D000086382
DB15718,THERAPEUTIC,D000086382
DB16393,THERAPEUTIC,D000086382
DB00207,THERAPEUTIC,D000086382
DB15623,THERAPEUTIC,D000086382
DB16453,THERAPEUTIC,D000086382
DB16394,THERAPEUTIC,D000086382
DB16449,THERAPEUTIC,D000086382
DB15654,THERAPEUTIC,D000086382
DB16406,THERAPEUTIC,D000086382
DB08868,THERAPEUTIC,D000086382
DB16407,THERAPEUTIC,D000086382
DB15661,THERAPEUTIC,D000086382
DB16691,THERAPEUTIC,D000086382
DB15797,THERAPEUTIC,D000086382
DB01394,THERAPEUTIC,D000086382
DB06273,THERAPEUTIC,D000086382
DB16447,THERAPEUTIC,D000086382
DB00112,THERAPEUTIC,D000086382
DB12010,THERAPEUTIC,D000086382
DB15897,THERAPEUTIC,D000086382
DB16452,THERAPEUTIC,D000086382
DB16389,THERAPEUTIC,D000086382
DB05941,THERAPEUTIC,D000086382
DB15686,THERAPEUTIC,D000086382
DB16448,THERAPEUTIC,D000086382
DB16450,THERAPEUTIC,D000086382
DB12668,THERAPEUTIC,D000086382
DB15327,THERAPEUTIC,D000086382
DB15622,THERAPEUTIC,D000086382
DB08954,THERAPEUTIC,D000086382
DB15688,THERAPEUTIC,D000086382
DB12592,THERAPEUTIC,D000086382
DB14999,THERAPEUTIC,D000086382
DB15655,THERAPEUTIC,D000086382
DB16476,THERAPEUTIC,D000086382
DB15660,THERAPEUTIC,D000086382
DB15796,THERAPEUTIC,D000086382
DB16451,THERAPEUTIC,D000086382
DB15736,THERAPEUTIC,D000086382
DB15695,THERAPEUTIC,D000086382
DB15693,THERAPEUTIC,D000086382
DB16355,THERAPEUTIC,D000086382
DB15787,THERAPEUTIC,D000086382
DB16474,THERAPEUTIC,D000086382
DB16465,THERAPEUTIC,D000086382
DB11574,THERAPEUTIC,D000086382
DB00959,THERAPEUTIC,D000086382
DB15697,THERAPEUTIC,D000086382
DB16396,THERAPEUTIC,D000086382
